-- phpMyAdmin SQL Dump
-- version 4.8.3
-- https://www.phpmyadmin.net/
--
-- Servidor: 127.0.0.1
-- Tiempo de generación: 05-11-2018 a las 23:19:05
-- Versión del servidor: 10.1.36-MariaDB
-- Versión de PHP: 7.2.10

SET SQL_MODE = "NO_AUTO_VALUE_ON_ZERO";
SET AUTOCOMMIT = 0;
START TRANSACTION;
SET time_zone = "+00:00";


/*!40101 SET @OLD_CHARACTER_SET_CLIENT=@@CHARACTER_SET_CLIENT */;
/*!40101 SET @OLD_CHARACTER_SET_RESULTS=@@CHARACTER_SET_RESULTS */;
/*!40101 SET @OLD_COLLATION_CONNECTION=@@COLLATION_CONNECTION */;
/*!40101 SET NAMES utf8mb4 */;

--
-- Base de datos: `ventas_ci`
--

-- --------------------------------------------------------

--
-- Estructura de tabla para la tabla `categorias`
--

CREATE TABLE `categorias` (
  `id` int(11) NOT NULL,
  `nombre` varchar(45) DEFAULT NULL,
  `descripcion` varchar(100) DEFAULT NULL,
  `estado` tinyint(1) DEFAULT NULL
) ENGINE=InnoDB DEFAULT CHARSET=utf8;

--
-- Volcado de datos para la tabla `categorias`
--

INSERT INTO `categorias` (`id`, `nombre`, `descripcion`, `estado`) VALUES
(1, 'Conservas', 'Conservas de todas las marcas.', 1),
(2, 'Leches', 'Leches de todas las marcas.', 1),
(3, 'Jugos', 'Jugos de todas las marcas.', 1),
(4, 'Gaseosas', 'Gaseosas de todas las marcas.', 1),
(5, 'Detergentes', 'Detergentes de todas las marcas.', 1);

-- --------------------------------------------------------

--
-- Estructura de tabla para la tabla `clientes`
--

CREATE TABLE `clientes` (
  `id` int(11) NOT NULL,
  `nombre` varchar(100) DEFAULT NULL,
  `telefono` varchar(20) DEFAULT NULL,
  `direccion` varchar(100) DEFAULT NULL,
  `tipo_cliente_id` int(11) DEFAULT NULL,
  `tipo_documento_id` int(11) DEFAULT NULL,
  `num_documento` varchar(45) DEFAULT NULL,
  `estado` tinyint(1) DEFAULT NULL
) ENGINE=InnoDB DEFAULT CHARSET=utf8;

--
-- Volcado de datos para la tabla `clientes`
--

INSERT INTO `clientes` (`id`, `nombre`, `telefono`, `direccion`, `tipo_cliente_id`, `tipo_documento_id`, `num_documento`, `estado`) VALUES
(1, 'jerksi manuel', '053484848', 'Calle Moquegua 430', 1, 2, '45454545', 1),
(2, '', '', '', 2, 1, '', 1),
(3, 'juan benitez', '', '', 1, 1, '45454546', 1),
(4, 'juan martinez', '', '', 1, 1, '45434343', 1),
(5, 'miguel casas', '564554', 'Mi calle 430', 2, 1, '46464646', 1),
(6, 'los rodrigues S.A', '043434343', 'Calle abtao 350', 2, 2, '45454545', 1),
(7, '', '', '', 1, 2, '', 1),
(8, 'luis galdoz', '967767680', 'Calle Moquegua 310', 1, 1, '48484848', 1),
(9, 'los pieros S.A', '484848', 'Calle Pichincha 350', 2, 2, '20444444409', 1),
(10, 'gean carlo fuentes', '454647', 'Mi casa', 1, 1, '46477687', 1),
(11, 'carlos alberto', '053545454', 'Mi casa verde', 1, 1, '04545456', 1);

-- --------------------------------------------------------

--
-- Estructura de tabla para la tabla `detalle_venta`
--

CREATE TABLE `detalle_venta` (
  `id` int(11) NOT NULL,
  `producto_id` int(11) DEFAULT NULL,
  `venta_id` int(11) DEFAULT NULL,
  `precio` varchar(45) DEFAULT NULL,
  `cantidad` varchar(45) DEFAULT NULL,
  `importe` varchar(45) DEFAULT NULL
) ENGINE=InnoDB DEFAULT CHARSET=utf8;

--
-- Volcado de datos para la tabla `detalle_venta`
--

INSERT INTO `detalle_venta` (`id`, `producto_id`, `venta_id`, `precio`, `cantidad`, `importe`) VALUES
(30, 7, 18, '5.00', '4', '20.00');

-- --------------------------------------------------------

--
-- Estructura de tabla para la tabla `menus`
--

CREATE TABLE `menus` (
  `id` int(11) NOT NULL,
  `nombre` varchar(45) DEFAULT NULL,
  `link` varchar(100) DEFAULT NULL
) ENGINE=InnoDB DEFAULT CHARSET=utf8;

--
-- Volcado de datos para la tabla `menus`
--

INSERT INTO `menus` (`id`, `nombre`, `link`) VALUES
(1, 'Inicio', 'dashboard'),
(2, 'Categorias', 'mantenimiento/categorias'),
(3, 'Clientes', 'mantenimiento/clientes'),
(4, 'Productos', 'mantenimiento/productos'),
(5, 'Ventas', 'movimientos/ventas'),
(6, 'Reporte Ventas', 'reportes/ventas'),
(7, 'Usuarios', 'administrador/usuarios'),
(8, 'Permisos', 'administrador/permisos');

-- --------------------------------------------------------

--
-- Estructura de tabla para la tabla `permisos`
--

CREATE TABLE `permisos` (
  `id` int(11) NOT NULL,
  `menu_id` int(11) DEFAULT NULL,
  `rol_id` int(11) DEFAULT NULL,
  `read` int(11) DEFAULT NULL,
  `insert` int(11) DEFAULT NULL,
  `update` int(11) DEFAULT NULL,
  `delete` int(11) DEFAULT NULL
) ENGINE=InnoDB DEFAULT CHARSET=utf8;

--
-- Volcado de datos para la tabla `permisos`
--

INSERT INTO `permisos` (`id`, `menu_id`, `rol_id`, `read`, `insert`, `update`, `delete`) VALUES
(1, 1, 2, 1, 1, 1, 1),
(2, 2, 2, 1, 1, 0, 0),
(3, 3, 2, 1, 1, 1, 0),
(4, 4, 2, 1, 1, 1, 1),
(5, 5, 2, 1, 1, 1, 1),
(7, 6, 2, 1, 1, 1, 1),
(8, 7, 2, 1, 1, 1, 1),
(9, 8, 2, 1, 1, 1, 1),
(10, 1, 1, 1, 1, 1, 1),
(11, 2, 1, 1, 1, 1, 1),
(12, 4, 1, 1, 1, 1, 1),
(13, 5, 1, 1, 1, 1, 1),
(14, 6, 1, 1, 1, 1, 1),
(15, 7, 1, 1, 1, 1, 1),
(16, 3, 1, 1, 1, 1, 1),
(17, 8, 1, 1, 1, 1, 1);

-- --------------------------------------------------------

--
-- Estructura de tabla para la tabla `productos`
--

CREATE TABLE `productos` (
  `id` int(11) NOT NULL,
  `codigo` varchar(45) DEFAULT NULL,
  `nombre` varchar(45) DEFAULT NULL,
  `descripcion` varchar(100) DEFAULT NULL,
  `precio` varchar(45) DEFAULT NULL,
  `stock` int(11) DEFAULT NULL,
  `categoria_id` int(11) DEFAULT NULL,
  `estado` tinyint(1) DEFAULT NULL
) ENGINE=InnoDB DEFAULT CHARSET=utf8;

--
-- Volcado de datos para la tabla `productos`
--

INSERT INTO `productos` (`id`, `codigo`, `nombre`, `descripcion`, `precio`, `stock`, `categoria_id`, `estado`) VALUES
(1, '001', 'Leche Gloria 400g ', 'Leche gloria 400g enlatado', '3.50', 14, 2, 1),
(2, '002', 'Frugos de 1L ', 'Frugos de 1l tetrapack', '3.00', 10, 3, 1),
(3, '003', 'CocaCola 2.5L ', 'Coca Cola 2.5L envase no retornable', '6.50', 9, 4, 1),
(4, '004', 'leche pura vida 400g', 'leche evaporada pura vida', '2.60', 15, 2, 1),
(5, '005', 'Inca kola 3L ', 'Inca Kola 3l descartable', '9.50', 15, 4, 1),
(6, '006', 'Filete de Atun Gloria', 'Filete de Atun Gloria enlatado', '5.50', 30, 1, 1),
(7, '007', 'Filete de Atun Florida', 'Filete de Atun Florida enlatado', '5.00', 26, 1, 1),
(8, '008', 'Ariel de 360 g', 'Ariel de 360 g en bolsa', '4.00', 30, 5, 1),
(9, '009', 'Bolivar 900g', 'Bolivar de 900g bolsa azul', '7.50', 30, 5, 1);

-- --------------------------------------------------------

--
-- Estructura de tabla para la tabla `roles`
--

CREATE TABLE `roles` (
  `id` int(11) NOT NULL,
  `nombre` varchar(45) DEFAULT NULL,
  `descripcion` varchar(100) DEFAULT NULL
) ENGINE=InnoDB DEFAULT CHARSET=utf8;

--
-- Volcado de datos para la tabla `roles`
--

INSERT INTO `roles` (`id`, `nombre`, `descripcion`) VALUES
(1, 'Administrador', NULL),
(2, 'Vendedor', NULL);

-- --------------------------------------------------------

--
-- Estructura de tabla para la tabla `tipo_cliente`
--

CREATE TABLE `tipo_cliente` (
  `id` int(11) NOT NULL,
  `nombre` varchar(45) DEFAULT NULL,
  `descripcion` varchar(45) DEFAULT NULL
) ENGINE=InnoDB DEFAULT CHARSET=utf8;

--
-- Volcado de datos para la tabla `tipo_cliente`
--

INSERT INTO `tipo_cliente` (`id`, `nombre`, `descripcion`) VALUES
(1, 'Persona Natural', NULL),
(2, 'Empresa', NULL);

-- --------------------------------------------------------

--
-- Estructura de tabla para la tabla `tipo_comprobante`
--

CREATE TABLE `tipo_comprobante` (
  `id` int(11) NOT NULL,
  `nombre` varchar(45) DEFAULT NULL,
  `cantidad` int(11) DEFAULT NULL,
  `igv` int(11) DEFAULT NULL,
  `serie` int(11) DEFAULT NULL
) ENGINE=InnoDB DEFAULT CHARSET=utf8;

--
-- Volcado de datos para la tabla `tipo_comprobante`
--

INSERT INTO `tipo_comprobante` (`id`, `nombre`, `cantidad`, `igv`, `serie`) VALUES
(1, 'Factura', 1, 18, 1),
(2, 'Boleta', 0, 0, 1);

-- --------------------------------------------------------

--
-- Estructura de tabla para la tabla `tipo_documento`
--

CREATE TABLE `tipo_documento` (
  `id` int(11) NOT NULL,
  `nombre` varchar(45) DEFAULT NULL,
  `cantidad` int(11) DEFAULT NULL
) ENGINE=InnoDB DEFAULT CHARSET=utf8;

--
-- Volcado de datos para la tabla `tipo_documento`
--

INSERT INTO `tipo_documento` (`id`, `nombre`, `cantidad`) VALUES
(1, 'DNI', 0),
(2, 'RUC', 0);

-- --------------------------------------------------------

--
-- Estructura de tabla para la tabla `usuarios`
--

CREATE TABLE `usuarios` (
  `id` int(11) NOT NULL,
  `nombres` varchar(100) DEFAULT NULL,
  `apellidos` varchar(100) DEFAULT NULL,
  `telefono` varchar(20) DEFAULT NULL,
  `email` varchar(100) DEFAULT NULL,
  `username` varchar(45) DEFAULT NULL,
  `password` varchar(100) DEFAULT NULL,
  `rol_id` int(11) DEFAULT NULL,
  `estado` tinyint(1) DEFAULT NULL
) ENGINE=InnoDB DEFAULT CHARSET=utf8;

--
-- Volcado de datos para la tabla `usuarios`
--

INSERT INTO `usuarios` (`id`, `nombres`, `apellidos`, `telefono`, `email`, `username`, `password`, `rol_id`, `estado`) VALUES
(1, 'Daniel', 'Mendoza', '987456321', 'mendoza@gmail.com', 'admin1', '1234', 1, 1),
(2, 'Charlie', 'Cieza', '963258741', 'cieza@gmail.com', 'admin2', '1234', 1, 1);

-- --------------------------------------------------------

--
-- Estructura de tabla para la tabla `ventas`
--

CREATE TABLE `ventas` (
  `id` int(11) NOT NULL,
  `fecha` date DEFAULT NULL,
  `subtotal` varchar(45) DEFAULT NULL,
  `igv` varchar(45) DEFAULT NULL,
  `descuento` varchar(45) DEFAULT NULL,
  `total` varchar(45) DEFAULT NULL,
  `tipo_comprobante_id` int(11) DEFAULT NULL,
  `cliente_id` int(11) DEFAULT NULL,
  `usuario_id` int(11) DEFAULT NULL,
  `num_documento` varchar(45) DEFAULT NULL,
  `serie` varchar(45) DEFAULT NULL
) ENGINE=InnoDB DEFAULT CHARSET=utf8;

--
-- Volcado de datos para la tabla `ventas`
--

INSERT INTO `ventas` (`id`, `fecha`, `subtotal`, `igv`, `descuento`, `total`, `tipo_comprobante_id`, `cliente_id`, `usuario_id`, `num_documento`, `serie`) VALUES
(18, '2018-11-05', '20.00', '3.60', '0.00', '23.60', 1, 8, 1, '000001', '1');

--
-- Índices para tablas volcadas
--

--
-- Indices de la tabla `categorias`
--
ALTER TABLE `categorias`
  ADD PRIMARY KEY (`id`),
  ADD UNIQUE KEY `nombre_UNIQUE` (`nombre`);

--
-- Indices de la tabla `clientes`
--
ALTER TABLE `clientes`
  ADD PRIMARY KEY (`id`),
  ADD KEY `fk_tipo_cliente_idx` (`tipo_cliente_id`),
  ADD KEY `fk_tipo_documento_idx` (`tipo_documento_id`);

--
-- Indices de la tabla `detalle_venta`
--
ALTER TABLE `detalle_venta`
  ADD PRIMARY KEY (`id`),
  ADD KEY `fk_venta_detalle_idx` (`venta_id`),
  ADD KEY `fk_producto_detalle_idx` (`producto_id`);

--
-- Indices de la tabla `menus`
--
ALTER TABLE `menus`
  ADD PRIMARY KEY (`id`);

--
-- Indices de la tabla `permisos`
--
ALTER TABLE `permisos`
  ADD PRIMARY KEY (`id`),
  ADD KEY `fk_menus_idx` (`menu_id`),
  ADD KEY `fk_rol_idx` (`rol_id`);

--
-- Indices de la tabla `productos`
--
ALTER TABLE `productos`
  ADD PRIMARY KEY (`id`),
  ADD UNIQUE KEY `nombre_UNIQUE` (`nombre`),
  ADD UNIQUE KEY `codigo_UNIQUE` (`codigo`),
  ADD KEY `fk_categoria_producto_idx` (`categoria_id`);

--
-- Indices de la tabla `roles`
--
ALTER TABLE `roles`
  ADD PRIMARY KEY (`id`),
  ADD UNIQUE KEY `nombre_UNIQUE` (`nombre`);

--
-- Indices de la tabla `tipo_cliente`
--
ALTER TABLE `tipo_cliente`
  ADD PRIMARY KEY (`id`),
  ADD UNIQUE KEY `nombre_UNIQUE` (`nombre`);

--
-- Indices de la tabla `tipo_comprobante`
--
ALTER TABLE `tipo_comprobante`
  ADD PRIMARY KEY (`id`);

--
-- Indices de la tabla `tipo_documento`
--
ALTER TABLE `tipo_documento`
  ADD PRIMARY KEY (`id`),
  ADD UNIQUE KEY `nombre_UNIQUE` (`nombre`);

--
-- Indices de la tabla `usuarios`
--
ALTER TABLE `usuarios`
  ADD PRIMARY KEY (`id`),
  ADD UNIQUE KEY `username_UNIQUE` (`username`),
  ADD UNIQUE KEY `email_UNIQUE` (`email`),
  ADD KEY `fk_rol_usuarios_idx` (`rol_id`);

--
-- Indices de la tabla `ventas`
--
ALTER TABLE `ventas`
  ADD PRIMARY KEY (`id`),
  ADD KEY `fk_usuario_venta_idx` (`usuario_id`),
  ADD KEY `fk_cliente_venta_idx` (`cliente_id`),
  ADD KEY `fk_tipo_comprobante_venta_idx` (`tipo_comprobante_id`);

--
-- AUTO_INCREMENT de las tablas volcadas
--

--
-- AUTO_INCREMENT de la tabla `categorias`
--
ALTER TABLE `categorias`
  MODIFY `id` int(11) NOT NULL AUTO_INCREMENT, AUTO_INCREMENT=6;

--
-- AUTO_INCREMENT de la tabla `clientes`
--
ALTER TABLE `clientes`
  MODIFY `id` int(11) NOT NULL AUTO_INCREMENT, AUTO_INCREMENT=12;

--
-- AUTO_INCREMENT de la tabla `detalle_venta`
--
ALTER TABLE `detalle_venta`
  MODIFY `id` int(11) NOT NULL AUTO_INCREMENT, AUTO_INCREMENT=31;

--
-- AUTO_INCREMENT de la tabla `menus`
--
ALTER TABLE `menus`
  MODIFY `id` int(11) NOT NULL AUTO_INCREMENT, AUTO_INCREMENT=9;

--
-- AUTO_INCREMENT de la tabla `permisos`
--
ALTER TABLE `permisos`
  MODIFY `id` int(11) NOT NULL AUTO_INCREMENT, AUTO_INCREMENT=18;

--
-- AUTO_INCREMENT de la tabla `productos`
--
ALTER TABLE `productos`
  MODIFY `id` int(11) NOT NULL AUTO_INCREMENT, AUTO_INCREMENT=10;

--
-- AUTO_INCREMENT de la tabla `roles`
--
ALTER TABLE `roles`
  MODIFY `id` int(11) NOT NULL AUTO_INCREMENT, AUTO_INCREMENT=3;

--
-- AUTO_INCREMENT de la tabla `tipo_cliente`
--
ALTER TABLE `tipo_cliente`
  MODIFY `id` int(11) NOT NULL AUTO_INCREMENT, AUTO_INCREMENT=3;

--
-- AUTO_INCREMENT de la tabla `tipo_comprobante`
--
ALTER TABLE `tipo_comprobante`
  MODIFY `id` int(11) NOT NULL AUTO_INCREMENT, AUTO_INCREMENT=3;

--
-- AUTO_INCREMENT de la tabla `tipo_documento`
--
ALTER TABLE `tipo_documento`
  MODIFY `id` int(11) NOT NULL AUTO_INCREMENT, AUTO_INCREMENT=3;

--
-- AUTO_INCREMENT de la tabla `usuarios`
--
ALTER TABLE `usuarios`
  MODIFY `id` int(11) NOT NULL AUTO_INCREMENT, AUTO_INCREMENT=3;

--
-- AUTO_INCREMENT de la tabla `ventas`
--
ALTER TABLE `ventas`
  MODIFY `id` int(11) NOT NULL AUTO_INCREMENT, AUTO_INCREMENT=19;

--
-- Restricciones para tablas volcadas
--

--
-- Filtros para la tabla `clientes`
--
ALTER TABLE `clientes`
  ADD CONSTRAINT `fk_tipo_cliente` FOREIGN KEY (`tipo_cliente_id`) REFERENCES `tipo_cliente` (`id`) ON DELETE NO ACTION ON UPDATE NO ACTION,
  ADD CONSTRAINT `fk_tipo_documento` FOREIGN KEY (`tipo_documento_id`) REFERENCES `tipo_documento` (`id`) ON DELETE NO ACTION ON UPDATE NO ACTION;

--
-- Filtros para la tabla `detalle_venta`
--
ALTER TABLE `detalle_venta`
  ADD CONSTRAINT `fk_producto_detalle` FOREIGN KEY (`producto_id`) REFERENCES `productos` (`id`) ON DELETE NO ACTION ON UPDATE NO ACTION,
  ADD CONSTRAINT `fk_venta_detalle` FOREIGN KEY (`venta_id`) REFERENCES `ventas` (`id`) ON DELETE NO ACTION ON UPDATE NO ACTION;

--
-- Filtros para la tabla `permisos`
--
ALTER TABLE `permisos`
  ADD CONSTRAINT `fk_menus` FOREIGN KEY (`menu_id`) REFERENCES `menus` (`id`) ON DELETE NO ACTION ON UPDATE NO ACTION,
  ADD CONSTRAINT `fk_rol` FOREIGN KEY (`rol_id`) REFERENCES `roles` (`id`) ON DELETE NO ACTION ON UPDATE NO ACTION;

--
-- Filtros para la tabla `productos`
--
ALTER TABLE `productos`
  ADD CONSTRAINT `fk_categoria_producto` FOREIGN KEY (`categoria_id`) REFERENCES `categorias` (`id`) ON DELETE NO ACTION ON UPDATE NO ACTION;

--
-- Filtros para la tabla `usuarios`
--
ALTER TABLE `usuarios`
  ADD CONSTRAINT `fk_rol_usuarios` FOREIGN KEY (`rol_id`) REFERENCES `roles` (`id`) ON DELETE NO ACTION ON UPDATE NO ACTION;

--
-- Filtros para la tabla `ventas`
--
ALTER TABLE `ventas`
  ADD CONSTRAINT `fk_cliente_venta` FOREIGN KEY (`cliente_id`) REFERENCES `clientes` (`id`) ON DELETE NO ACTION ON UPDATE NO ACTION,
  ADD CONSTRAINT `fk_tipo_comprobante_venta` FOREIGN KEY (`tipo_comprobante_id`) REFERENCES `tipo_comprobante` (`id`) ON DELETE NO ACTION ON UPDATE NO ACTION,
  ADD CONSTRAINT `fk_usuario_venta` FOREIGN KEY (`usuario_id`) REFERENCES `usuarios` (`id`) ON DELETE NO ACTION ON UPDATE NO ACTION;
COMMIT;

/*!40101 SET CHARACTER_SET_CLIENT=@OLD_CHARACTER_SET_CLIENT */;
/*!40101 SET CHARACTER_SET_RESULTS=@OLD_CHARACTER_SET_RESULTS */;
/*!40101 SET COLLATION_CONNECTION=@OLD_COLLATION_CONNECTION */;
